Workbook

Sheet Leads Data
A1: ALIMCO — EXPORT LEADS MANAGEMENT SYSTEM
A2: Artificial Limbs & Manufacturing Corporation of India | Ministry of Social Justice & Empowerment, Govt. of India | Export Division
A3: SNO. | B3: Company Name | C3: Contact Person | D3: Last Contacted | E3: Order # | F3: Order Type | G3: Order Value (₹ INR) | H3: Order Value ($ USD) | I3: Lead Source | J3: Lead Status | K3: Deal Stage | L3: Email Address | M3: Country | N3: City | O3: Pin Code | P3: Contact Number | Q3: Notes | R3: Last Updated
A4: 1 | B4: Afrimed Pharmaceutical Ltd. | C4: Mr. Hyder Khan | D4: 46082 | E4: 100 BTE TD 0E 17036 | F4: Product Supply | G4: 680256 | H4: =IF(G4="","",IFERROR(G4/Settings!$B$3,"")) -> 8503.2 | I4: Email | J4: Interested | K4: Negotiating | L4: afrimedpharmaceuticals@gmail.com | M4: Zambia | N4: LUSAKA | O4: 10101 | P4: +260 979 328887‬ | Q4: Interested in Hearing Aids | R4: =IF(B4="","",TODAY()) -> 46162
A5: 2 | B5: SJS Life Sciences Ltd. | C5: Jitendra Pandey | D5: 46154 | E5: 101 BTE TD 0E 17036 | F5: Product Supply | G5: 680256 | H5: =IF(G5="","",IFERROR(G5/Settings!$B$3,"")) -> 8503.2 | I5: Email | J5: Negotiating | K5: Negotiating | L5: jkpandey3s@gmail.com | M5: Nigeria | N5: LAGOS | O5: 100271 | P5: +2348128444444 | Q5: Interested in Hearing Aids | R5: =IF(B5="","",TODAY()) -> 46162
A6: 3 | B6: Medikit Corporation | C6: Md. Mamunor Rashid | D6: 46119 | E6: MULTIPLE ASSITIVE DEVICES | F6: Product Supply | G6: 62458200 | H6: =IF(G6="","",IFERROR(G6/Settings!$B$3,"")) -> 780727.5 | I6: Email | J6: Not Interested | K6: Closed - Lost | L6: s.johnson@texmart.us | M6: Bangladesh | N6: Dhaka | O6: 1206 | P6: +2348128444444 | Q6: Responded to email | R6: =IF(B6="","",TODAY()) -> 46162
A7: 4 | B7: Kamsitoc Global Trading Sarl | C7: Comrade Kwaku Jojo (Mr) | D7: 46027 | E7: MULTIPLE ASSITIVE DEVICES | F7: Product Supply | G7: 45000 | H7: =IF(G7="","",IFERROR(G7/Settings!$B$3,"")) -> 562.5 | I7: Email | J7: Interested | K7: Negotiating | L7: kwakujojo.7@gmail.com | M7: Togo | N7: Lome | O7: 42041 | P7: +22898191726 | Q7: export pricing required | R7: =IF(B7="","",TODAY()) -> 46162
A8: 5 | C8: Dr. Rasar Rahim | F8: Product Supply | H8: =IF(G8="","",IFERROR(G8/Settings!$B$3,"")) | I8: ITEC | J8: Reply to be Given | K8: Proposal | L8: rasarrebwar@gmail.com | M8: Iraq | Q8: export pricing required
A9: 6 | B9: Mongolian burn association | C9: Dr. Batorgil Enkhbayar | D9: 46079 | E9: phased collaboration | F9: Phased Collaboration | H9: =IF(G9="","",IFERROR(G9/Settings!$B$3,"")) | I9: Email | J9: Reply to be Given | K9: Proposal | L9: btrglcx98@gmail.com | M9: Mongolia | Q9: email to be replied
A10: 7 | B10: JMB Pharmaceuticals Pvt. Ltd. | C10: Krishna Mehta | D10: 46093 | E10: orthotics and prosthetics products | F10: Product Supply | H10: =IF(G10="","",IFERROR(G10/Settings!$B$3,"")) | I10: Email | J10: Reply to be Given | K10: Proposal | L10: wessely@jmbpharma.com | M10: Turkmenistan | P10: +91-9082004363 | Q10: email to be replied
A11: 8 | B11: Tripalogix Pty Ltd | C11: Karabo Motsamai Vuso | D11: 46076 | E11: MULTIPLE ASSITIVE DEVICES | F11: Product Supply | H11: =IF(G11="","",IFERROR(G11/Settings!$B$3,"")) | I11: Email | J11: Reply to be Given | K11: Proposal | L11: tripalogix@gmail.com | M11: South Africa | P11: 0615414005/0620441710 | Q11: email to be replied
A12: 9 | B12: kamal group | C12: Mr. Sameer Santosh | D12: 46160 | F12: Phased Collaboration | H12: =IF(G12="","",IFERROR(G12/Settings!$B$3,"")) | I12: Visit | J12: Interested | K12: Proposal | L12: md@kamal-group.co.tz | M12: Tanzania | N12: Dar es Salaam | O12: 10392 | P12: +255 767 624 571 | Q12: reply awaited
A13: 10 | B13: metl | C13: Mr. Gulam Dewji | D13: 46160 | F13: Phased Collaboration | H13: =IF(G13="","",IFERROR(G13/Settings!$B$3,"")) | I13: Visit | J13: Interested | K13: Proposal | L13: gd@metl.net | M13: tanzania | N13: Dar es Salaam | O13: 20660 | P13: +255 754 600 000 | Q13: reply awaited
A14: 11 | B14: rec france | C14: Mr. Carl | D14: 46162 | E14: TOT | F14: TOT and Manufacturing | H14: =IF(G14="","",IFERROR(G14/Settings!$B$3,"")) | I14: Email | J14: Interested | K14: MOU Signed | M14: FRANCE | N14: PARIS
A15: 12 | H15: =IF(G15="","",IFERROR(G15/Settings!$B$3,""))
A16: 13 | H16: =IF(G16="","",IFERROR(G16/Settings!$B$3,""))
A17: 14 | H17: =IF(G17="","",IFERROR(G17/Settings!$B$3,""))
A18: 15 | H18: =IF(G18="","",IFERROR(G18/Settings!$B$3,""))
H19: =IF(G19="","",IFERROR(G19/Settings!$B$3,""))
H20: =IF(G20="","",IFERROR(G20/Settings!$B$3,""))
H21: =IF(G21="","",IFERROR(G21/Settings!$B$3,""))
H22: =IF(G22="","",IFERROR(G22/Settings!$B$3,""))
H23: =IF(G23="","",IFERROR(G23/Settings!$B$3,""))
H24: =IF(G24="","",IFERROR(G24/Settings!$B$3,""))
H25: =IF(G25="","",IFERROR(G25/Settings!$B$3,""))
H26: =IF(G26="","",IFERROR(G26/Settings!$B$3,""))
H27: =IF(G27="","",IFERROR(G27/Settings!$B$3,""))
H28: =IF(G28="","",IFERROR(G28/Settings!$B$3,""))
H29: =IF(G29="","",IFERROR(G29/Settings!$B$3,""))
H30: =IF(G30="","",IFERROR(G30/Settings!$B$3,""))
... H200: =IF(G200="","",IFERROR(G200/Settings!$B$3,""))

Sheet Dashboard
A1: ALIMCO — EXPORT LEADS DASHBOARD
A2: Artificial Limbs & Manufacturing Corporation of India | Ministry of Social Justice & Empowerment, Govt. of India | Export Division
A4: KEY PERFORMANCE INDICATORS
B6: TOTAL LEADS | D6: INTERESTED + ACTIVE | G6: 62458200 | I6: REPLY PENDING
B7: =COUNTA('Leads Data'!B4:B1000) -> 10 | D7: =COUNTIF('Leads Data'!J:J,"Interested")+COUNTIF('Leads Data'!J:J,"Negotiating") -> 6 | G7: 45000 | I7: =COUNTIF('Leads Data'!J:J,"Reply to be Given") -> 4
A12: LEAD STATUS DISTRIBUTION | F12: LEAD SOURCE BREAKDOWN
A34: COUNTRY-WISE LEAD INTEREST | F34: ORDER TYPE DISTRIBUTION
A56: ORDER VALUE BY COMPANY (₹ INR) — COMMERCIAL PIPELINE
A80: RECENT LEADS SNAPSHOT
B81: Company Name | C81: Country | D81: Lead Status | E81: Order Type | F81: Order Value (₹) | G81: Contact Person | H81: Notes
B82: ='Leads Data'!B4 -> Afrimed Pharmaceutical Ltd. | C82: ='Leads Data'!M4 -> Zambia | D82: ='Leads Data'!J4 -> Interested | E82: ='Leads Data'!F4 -> Product Supply | F82: ='Leads Data'!G4 -> 680256 | G82: ='Leads Data'!C4 -> Mr. Hyder Khan | H82: ='Leads Data'!Q4 -> Interested in Hearing Aids
B83: ='Leads Data'!B5 -> SJS Life Sciences Ltd. | C83: ='Leads Data'!M5 -> Nigeria | D83: ='Leads Data'!J5 -> Negotiating | E83: ='Leads Data'!F5 -> Product Supply | F83: ='Leads Data'!G5 -> 680256 | G83: ='Leads Data'!C5 -> Jitendra Pandey | H83: ='Leads Data'!Q5 -> Interested in Hearing Aids
B84: ='Leads Data'!B6 -> Medikit Corporation | C84: ='Leads Data'!M6 -> Bangladesh | D84: ='Leads Data'!J6 -> Not Interested | E84: ='Leads Data'!F6 -> Product Supply | F84: ='Leads Data'!G6 -> 62458200 | G84: ='Leads Data'!C6 -> Md. Mamunor Rashid | H84: ='Leads Data'!Q6 -> Responded to email
B85: ='Leads Data'!B7 -> Kamsitoc Global Trading Sarl | C85: ='Leads Data'!M7 -> Togo | D85: ='Leads Data'!J7 -> Interested | E85: ='Leads Data'!F7 -> Product Supply | F85: ='Leads Data'!G7 -> 45000 | G85: ='Leads Data'!C7 -> Comrade Kwaku Jojo (Mr) | H85: ='Leads Data'!Q7 -> export pricing required
B86: ='Leads Data'!B8 -> 0 | C86: ='Leads Data'!M8 -> Iraq | D86: ='Leads Data'!J8 -> Reply to be Given | E86: ='Leads Data'!F8 -> Product Supply | F86: ='Leads Data'!G8 -> 0 | G86: ='Leads Data'!C8 -> Dr. Rasar Rahim | H86: ='Leads Data'!Q8 -> export pricing required
B87: ='Leads Data'!B9 -> Mongolian burn association | C87: ='Leads Data'!M9 -> Mongolia | D87: ='Leads Data'!J9 -> Reply to be Given | E87: ='Leads Data'!F9 -> Phased Collaboration | F87: ='Leads Data'!G9 -> 0 | G87: ='Leads Data'!C9 -> Dr. Batorgil Enkhbayar | H87: ='Leads Data'!Q9 -> email to be replied
B88: ='Leads Data'!B10 -> JMB Pharmaceuticals Pvt. Ltd. | C88: ='Leads Data'!M10 -> Turkmenistan | D88: ='Leads Data'!J10 -> Reply to be Given | E88: ='Leads Data'!F10 -> Product Supply | F88: ='Leads Data'!G10 -> 0 | G88: ='Leads Data'!C10 -> Krishna Mehta | H88: ='Leads Data'!Q10 -> email to be replied
B89: ='Leads Data'!B11 -> Tripalogix Pty Ltd | C89: ='Leads Data'!M11 -> South Africa | D89: ='Leads Data'!J11 -> Reply to be Given | E89: ='Leads Data'!F11 -> Product Supply | F89: ='Leads Data'!G11 -> 0 | G89: ='Leads Data'!C11 -> Karabo Motsamai Vuso | H89: ='Leads Data'!Q11 -> email to be replied
A90: ALIMCO — Empowering Lives Through Assistive Technology | www.alimco.in | Export Division | Ministry of Social Justice & Empowerment, Govt. of India

Sheet Summary
A1: LEAD SOURCE | D1: COUNTRY ANALYSIS | G1: COMPANY VALUES
A2: Source | B2: Count | D2: Country | E2: Leads | G2: Company | H2: Order (₹)
A3: Email | B3: =COUNTIF('Leads Data'!I:I,"Email") -> 8 | D3: Zambia | E3: =COUNTIF('Leads Data'!M:M,"Zambia") -> 1 | G3: Afrimed Pharmaceutical Ltd. | H3: =SUMIF('Leads Data'!B:B,"Afrimed Pharmaceutical Ltd.",'Leads Data'!G:G) -> 680256
A4: Referral | B4: =COUNTIF('Leads Data'!I:I,"Referral") -> 0 | D4: Nigeria | E4: =COUNTIF('Leads Data'!M:M,"Nigeria") -> 1 | G4: SJS Life Sciences Ltd. | H4: =SUMIF('Leads Data'!B:B,"SJS Life Sciences Ltd.",'Leads Data'!G:G) -> 680256
A5: Exhibition | B5: =COUNTIF('Leads Data'!I:I,"Exhibition") -> 0 | D5: Bangladesh | E5: =COUNTIF('Leads Data'!M:M,"Bangladesh") -> 1 | G5: Medikit Corporation | H5: =SUMIF('Leads Data'!B:B,"Medikit Corporation",'Leads Data'!G:G) -> 62458200
A6: ITEC | B6: =COUNTIF('Leads Data'!I:I,"ITEC") -> 1 | D6: Togo | E6: =COUNTIF('Leads Data'!M:M,"Togo") -> 1 | G6: Kamsitoc Global Trading | H6: =SUMIF('Leads Data'!B:B,"Kamsitoc Global Trading Sarl",'Leads Data'!G:G) -> 45000
A7: Eximpedia | B7: =COUNTIF('Leads Data'!I:I,"Eximpedia") -> 0 | D7: Iraq | E7: =COUNTIF('Leads Data'!M:M,"Iraq") -> 1 | G7: JMB Pharmaceuticals | H7: =SUMIF('Leads Data'!B:B,"JMB Pharmaceuticals Pvt. Ltd. ",'Leads Data'!G:G) -> 0
A8: TOTAL | B8: =SUM(B3:B7) -> 9 | D8: Mongolia | E8: =COUNTIF('Leads Data'!M:M,"Mongolia") -> 1 | G8: Tripalogix Pty Ltd | H8: =SUMIF('Leads Data'!B:B,"Tripalogix Pty Ltd",'Leads Data'!G:G) -> 0
D9: Turkmenistan | E9: =COUNTIF('Leads Data'!M:M,"Turkmenistan") -> 1 | G9: TOTAL | H9: =SUM(H3:H8) -> 63863712
A10: LEAD STATUS | D10: South Africa | E10: =COUNTIF('Leads Data'!M:M,"South Africa") -> 1
A11: Status | B11: Count | D11: Uganda | E11: =COUNTIF('Leads Data'!M:M,"Uganda") -> 0
A12: Reply to be Given | B12: =COUNTIF('Leads Data'!J:J,"Reply to be Given") -> 4 | D12: Kenya | E12: =COUNTIF('Leads Data'!M:M,"Kenya") -> 0
A13: No Reply | B13: =COUNTIF('Leads Data'!J:J,"No Reply") -> 0 | D13: Ethiopia | E13: =COUNTIF('Leads Data'!M:M,"Ethiopia") -> 0
A14: Interested | B14: =COUNTIF('Leads Data'!J:J,"Interested") -> 5 | D14: Ghana | E14: =COUNTIF('Leads Data'!M:M,"Ghana") -> 0
A15: Not Interested | B15: =COUNTIF('Leads Data'!J:J,"Not Interested") -> 1 | D15: Tanzania | E15: =COUNTIF('Leads Data'!M:M,"Tanzania") -> 2
A16: Negotiating | B16: =COUNTIF('Leads Data'!J:J,"Negotiating") -> 1 | D16: Egypt | E16: =COUNTIF('Leads Data'!M:M,"Egypt") -> 0
A17: TOTAL | B17: =SUM(B12:B16) -> 11 | D17: Sudan | E17: =COUNTIF('Leads Data'!M:M,"Sudan") -> 0
D18: Cameroon | E18: =COUNTIF('Leads Data'!M:M,"Cameroon") -> 0
A19: ORDER TYPE | D19: Rwanda | E19: =COUNTIF('Leads Data'!M:M,"Rwanda") -> 0
A20: Order Type | B20: Count | D20: Vietnam | E20: =COUNTIF('Leads Data'!M:M,"Vietnam") -> 0
A21: Product Supply | B21: =COUNTIF('Leads Data'!F:F,"Product Supply") -> 7 | D21: TOTAL | E21: =SUM(E3:E20) -> 10
A22: Phased Collaboration | B22: =COUNTIF('Leads Data'!F:F,"Phased Collaboration") -> 3
A23: TOT and Manufacturing | B23: =COUNTIF('Leads Data'!F:F,"TOT and Manufacturing") -> 1
A24: TOTAL | B24: =SUM(B21:B23) -> 11

Sheet Settings
A1: ⚙️ SETTINGS & CONFIGURATION
A3: USD Exchange Rate (₹ per $1) | B3: 80 | C3: Update this to change all USD conversions in Leads Data
A4: Company Name | B4: ARTIFICIAL LIMBS AND MANUFACTURING CORPORATION OF INDIA
A5: Report Prepared By | B5: Export Sales Team
A6: Financial Year | B6: 2026-27
